<?xml version="1.0" encoding="UTF-8"?>
<beans xmlns="http://www.springframework.org/schema/beans"
       xmlns:xsi="http://www.w3.org/2001/XMLSchema-instance"
       xsi:schemaLocation="http://www.springframework.org/schema/beans
           http://www.springframework.org/schema/beans/spring-beans-3.0.xsd">

<bean id="record1" class="com.test.spr.RecordImpl1"></bean>

<bean id="view" class="com.test.spr.RecordViewImpl">

	<property name="record">
	
		<ref bean="record1"></ref>

	</property>


</bean>

</beans>